student_id,full_name,math_score,english_score,science_score,attendance_rate,term,gpa,risk_score,engagement_level,gender
5506-350,Mary Smith,92.0,14.0,71.0,74.98,2023_T1,59.0,50,Low,Male
2424-704,Mary Moore,82.0,86.0,74.0,83.95,2023_T1,80.66666666666667,0,Medium,Female
4582-338,James Johnson,99.0,23.0,2.0,78.37,2024_T1,41.333333333333336,0,Medium,Male
7873-325,Patricia Moore,1.0,87.0,29.0,60.82,2024_T1,39.0,51,Low,Female
3615-814,Robert Smith,63.0,59.0,20.0,68.49,2023_T2,47.333333333333336,50,Low,Female
4527-881,Robert Williams,57.0,21.0,88.0,84.7,2023_T1,55.333333333333336,0,Medium,Female
2584-467,Mary Miller,58.0,41.0,91.0,71.65,2024_T1,63.333333333333336,50,Low,Female
8527-649,Robert Smith,14.0,61.0,61.0,98.95,2023_T2,45.333333333333336,0,High,Male
5803-949,Mary Moore,50.0,54.0,63.0,91.41,2024_T1,55.666666666666664,0,High,Female
1750-777,Patricia Johnson,100.0,50.0,6.0,78.67,2023_T2,52.0,0,Medium,Male
2654-489,Mary Jones,38.0,17.0,3.0,66.82,2023_T2,19.333333333333332,51,Low,Female
7065-463,Jennifer Williams,13.0,8.0,89.0,97.69,2024_T1,36.666666666666664,1,High,Male
3803-646,Robert Johnson,83.0,91.0,59.0,63.91,2023_T1,77.66666666666667,50,Low,Male
5422-755,Linda Miller,7.0,46.0,34.0,64.88,2024_T1,29.0,51,Low,Male
4752-941,Jennifer Smith,35.0,49.0,3.0,96.37,2023_T2,29.0,1,High,Male
2084-316,Michael Brown,5.0,53.0,3.0,72.47,2023_T1,20.333333333333332,51,Low,Female
8517-246,Linda Miller,62.0,17.0,89.0,67.39,2023_T1,56.0,50,Low,Female
9830-369,Patricia Moore,73.0,61.0,99.0,77.99,2024_T1,77.66666666666667,0,Medium,Female
4593-241,Michael Davis,47.0,14.0,71.0,83.92,2023_T1,44.0,0,Medium,Female
3504-742,James Johnson,61.0,39.0,84.0,82.82,2024_T1,61.333333333333336,0,Medium,Male
2040-494,Michael Taylor,81.0,52.0,23.0,75.55,2024_T1,52.0,0,Medium,Female
5119-666,Linda Moore,59.0,40.0,28.0,74.27,2024_T1,42.333333333333336,50,Low,Male
5371-887,Mary Moore,64.0,88.0,70.0,92.09,2023_T1,74.0,0,High,Female
3591-564,Robert Miller,0.0,7.0,87.0,76.94,2024_T1,31.333333333333332,1,Medium,Male
3927-619,Robert Moore,80.0,7.0,34.0,60.56,2024_T1,40.333333333333336,50,Low,Male
4258-256,Robert Moore,4.0,40.0,27.0,91.61,2023_T1,23.666666666666668,1,High,Female
1009-713,William Moore,71.0,11.0,33.0,94.52,2023_T2,38.333333333333336,1,High,Female
6947-999,James Johnson,22.0,61.0,87.0,63.82,2023_T1,56.666666666666664,50,Low,Female
2290-187,James Jones,43.0,85.0,90.0,86.64,2023_T1,72.66666666666667,0,Medium,Female
3103-775,William Williams,98.0,100.0,46.0,82.45,2024_T1,81.33333333333333,0,Medium,Female
9645-993,John Brown,0.0,4.0,89.0,88.53,2023_T1,31.0,1,Medium,Female
6107-508,William Jones,13.0,26.0,8.0,69.44,2023_T2,15.666666666666666,51,Low,Female
2982-353,William Wilson,89.0,41.0,76.0,88.43,2023_T1,68.66666666666667,0,Medium,Male
4770-702,Jennifer Smith,95.0,51.0,95.0,68.07,2023_T1,80.33333333333333,50,Low,Male
4750-169,Mary Smith,100.0,22.0,14.0,87.82,2023_T2,45.333333333333336,0,Medium,Male
4899-385,Mary Moore,35.0,12.0,31.0,90.22,2023_T1,26.0,1,High,Female
8744-348,William Williams,85.0,27.0,65.0,83.95,2023_T2,59.0,0,Medium,Female
2588-774,Patricia Johnson,61.0,56.0,5.0,84.97,2023_T2,40.666666666666664,0,Medium,Female
8651-984,Michael Miller,43.0,83.0,29.0,78.26,2024_T1,51.666666666666664,0,Medium,Male
7596-845,Mary Smith,91.0,88.0,61.0,95.33,2023_T1,80.0,0,High,Female
4116-649,Patricia Jones,26.0,61.0,76.0,64.4,2023_T1,54.333333333333336,50,Low,Female
5563-573,Michael Williams,69.0,71.0,26.0,94.43,2023_T1,55.333333333333336,0,High,Male
2604-151,Linda Moore,36.0,96.0,50.0,76.7,2023_T1,60.666666666666664,0,Medium,Male
7658-597,Patricia Williams,23.0,78.0,58.0,70.78,2023_T1,53.0,50,Low,Female
3697-488,Michael Smith,95.0,87.0,51.0,72.93,2023_T2,77.66666666666667,50,Low,Male
5673-533,Robert Wilson,57.0,51.0,11.0,74.55,2023_T1,39.666666666666664,51,Low,Female
4566-159,Patricia Brown,1.0,2.0,100.0,70.07,2024_T1,34.333333333333336,51,Low,Male
1821-698,Jennifer Smith,80.0,58.0,1.0,71.39,2024_T1,46.333333333333336,50,Low,Female
1931-620,William Williams,53.0,86.0,100.0,80.11,2023_T1,79.66666666666667,0,Medium,Male
2113-791,Mary Taylor,0.0,18.0,1.0,73.8,2023_T2,6.333333333333333,51,Low,Male
5033-692,Mary Taylor,89.0,31.0,69.0,81.24,2024_T1,63.0,0,Medium,Male
9565-423,Mary Miller,67.0,54.0,74.0,69.68,2023_T1,65.0,50,Low,Female
5351-505,Jennifer Jones,16.0,37.0,23.0,74.79,2024_T1,25.333333333333332,51,Low,Male
6180-869,Robert Wilson,97.0,69.0,85.0,78.81,2023_T1,83.66666666666667,0,Medium,Male
2638-175,Linda Taylor,15.0,96.0,72.0,81.43,2024_T1,61.0,0,Medium,Male
6718-170,Robert Williams,69.0,79.0,92.0,72.83,2023_T2,80.0,50,Low,Male
8179-953,Robert Williams,58.0,35.0,18.0,94.33,2024_T1,37.0,1,High,Female
5905-779,William Smith,18.0,19.0,95.0,88.45,2023_T1,44.0,0,Medium,Male
2753-860,Robert Johnson,32.0,39.0,38.0,63.85,2023_T2,36.333333333333336,51,Low,Male
4450-834,Robert Taylor,0.0,10.0,91.0,97.47,2023_T1,33.666666666666664,1,High,Female
9004-357,Robert Moore,49.0,22.0,30.0,89.41,2023_T1,33.666666666666664,1,Medium,Male
1722-103,Michael Brown,98.0,6.0,15.0,95.09,2023_T1,39.666666666666664,1,High,Female
8239-664,Robert Williams,59.0,1.0,0.0,92.69,2024_T1,20.0,1,High,Female
2232-807,James Johnson,11.0,68.0,36.0,63.72,2024_T1,38.333333333333336,51,Low,Male
3426-540,James Davis,8.0,98.0,18.0,95.31,2023_T1,41.333333333333336,0,High,Male
1653-466,Robert Davis,2.0,19.0,23.0,89.04,2024_T1,14.666666666666666,1,Medium,Male
6794-898,Patricia Johnson,32.0,23.0,74.0,76.18,2024_T1,43.0,0,Medium,Female
3662-919,John Jones,35.0,37.0,83.0,97.43,2023_T2,51.666666666666664,0,High,Male
6442-901,James Williams,88.0,98.0,24.0,83.23,2024_T1,70.0,0,Medium,Female
3608-906,Patricia Brown,81.0,65.0,53.0,60.2,2023_T2,66.33333333333333,50,Low,Male
4644-304,James Wilson,60.0,40.0,99.0,77.94,2023_T2,66.33333333333333,0,Medium,Female
4652-124,Robert Jones,32.0,13.0,20.0,88.49,2023_T2,21.666666666666668,1,Medium,Male
2137-891,Jennifer Brown,7.0,6.0,66.0,67.15,2023_T2,26.333333333333332,51,Low,Female
9785-439,William Miller,32.0,47.0,75.0,86.3,2023_T1,51.333333333333336,0,Medium,Male
5349-139,Robert Williams,85.0,21.0,29.0,80.35,2024_T1,45.0,0,Medium,Male
6139-546,Michael Davis,50.0,53.0,7.0,98.92,2023_T2,36.666666666666664,1,High,Male
5173-145,Elizabeth Jones,97.0,20.0,29.0,85.25,2023_T1,48.666666666666664,0,Medium,Female
4228-472,William Moore,63.0,96.0,68.0,85.8,2023_T1,75.66666666666667,0,Medium,Female
6143-779,Jennifer Taylor,47.0,18.0,3.0,69.21,2024_T1,22.666666666666668,51,Low,Male
6067-782,Robert Moore,48.0,16.0,43.0,60.97,2023_T2,35.666666666666664,51,Low,Female
3085-296,Michael Brown,92.0,45.0,5.0,97.62,2024_T1,47.333333333333336,0,High,Female
5930-515,Michael Williams,36.0,23.0,92.0,74.81,2023_T2,50.333333333333336,50,Low,Male
8043-904,Robert Jones,52.0,94.0,98.0,77.13,2023_T2,81.33333333333333,0,Medium,Female
4501-623,Linda Wilson,62.0,84.0,31.0,99.21,2024_T1,59.0,0,High,Female
5649-627,John Johnson,66.0,17.0,24.0,94.05,2023_T1,35.666666666666664,1,High,Female
4680-925,Patricia Brown,53.0,57.0,66.0,75.79,2023_T1,58.666666666666664,0,Medium,Male
5011-586,James Smith,23.0,31.0,46.0,82.8,2023_T2,33.333333333333336,1,Medium,Male
4185-835,Michael Taylor,65.0,26.0,1.0,99.6,2023_T2,30.666666666666668,1,High,Female
3417-771,Michael Jones,32.0,8.0,42.0,72.9,2023_T1,27.333333333333332,51,Low,Male
3881-923,Michael Jones,38.0,92.0,41.0,88.36,2023_T1,57.0,0,Medium,Female
2988-567,William Jones,98.0,49.0,24.0,92.37,2023_T2,57.0,0,High,Male
6198-873,William Moore,59.0,6.0,56.0,84.46,2024_T1,40.333333333333336,0,Medium,Female
9976-556,William Miller,19.0,64.0,7.0,85.12,2024_T1,30.0,1,Medium,Male
5246-869,Linda Wilson,15.0,13.0,75.0,88.08,2024_T1,34.333333333333336,1,Medium,Male
8939-741,Robert Moore,14.0,91.0,97.0,95.46,2023_T2,67.33333333333333,0,High,Male
5681-340,Linda Johnson,86.0,62.0,85.0,63.76,2023_T2,77.66666666666667,50,Low,Female
2320-241,Jennifer Moore,57.0,62.0,61.0,73.13,2023_T1,60.0,50,Low,Male
4505-165,Michael Williams,57.0,57.0,85.0,71.46,2023_T2,66.33333333333333,50,Low,Female
8633-525,Jennifer Moore,41.0,69.0,14.0,70.01,2023_T1,41.333333333333336,50,Low,Male
1320-977,Michael Miller,59.0,100.0,96.0,74.41,2023_T2,85.0,50,Low,Female
5892-871,James Davis,59.0,4.0,67.0,93.11,2023_T2,43.333333333333336,0,High,Female
4613-599,William Moore,95.0,93.0,46.0,93.68,2023_T2,78.0,0,High,Male
1475-498,Michael Wilson,39.0,51.0,15.0,87.98,2024_T1,35.0,1,Medium,Female
8657-230,Michael Williams,29.0,18.0,16.0,99.03,2023_T2,21.0,1,High,Male
1444-185,Elizabeth Taylor,18.0,91.0,57.0,75.95,2023_T1,55.333333333333336,0,Medium,Female
1823-366,Linda Williams,100.0,89.0,61.0,63.14,2023_T2,83.33333333333333,50,Low,Female
6355-445,Patricia Wilson,8.0,11.0,0.0,93.44,2023_T2,6.333333333333333,1,High,Female
2341-581,Michael Brown,0.0,33.0,95.0,66.93,2024_T1,42.666666666666664,50,Low,Male
6733-329,William Smith,47.0,88.0,0.0,81.97,2024_T1,45.0,0,Medium,Male
5051-304,James Smith,63.0,62.0,68.0,98.19,2024_T1,64.33333333333333,0,High,Male
3068-584,John Jones,66.0,75.0,25.0,84.47,2024_T1,55.333333333333336,0,Medium,Male
5198-885,Patricia Wilson,100.0,85.0,56.0,74.24,2023_T1,80.33333333333333,50,Low,Female
2876-896,Elizabeth Taylor,91.0,68.0,46.0,73.68,2023_T2,68.33333333333333,50,Low,Male
1420-419,Mary Taylor,61.0,68.0,75.0,61.63,2023_T2,68.0,50,Low,Female
4978-204,Patricia Johnson,89.0,47.0,84.0,60.69,2024_T1,73.33333333333333,50,Low,Female
1672-455,Elizabeth Johnson,32.0,93.0,100.0,78.94,2024_T1,75.0,0,Medium,Female
9289-763,Jennifer Johnson,9.0,68.0,99.0,75.94,2023_T1,58.666666666666664,0,Medium,Female
2729-543,Michael Wilson,94.0,9.0,18.0,61.81,2024_T1,40.333333333333336,50,Low,Female
8135-280,Linda Williams,0.0,68.0,3.0,80.13,2024_T1,23.666666666666668,1,Medium,Female
8616-546,William Wilson,79.0,1.0,91.0,84.63,2023_T2,57.0,0,Medium,Female
5569-561,Patricia Johnson,90.0,83.0,23.0,83.43,2023_T2,65.33333333333333,0,Medium,Male
7209-444,Elizabeth Taylor,34.0,32.0,32.0,87.09,2023_T2,32.666666666666664,1,Medium,Male
8988-317,Jennifer Williams,42.0,100.0,11.0,92.45,2023_T2,51.0,0,High,Female
5526-669,Jennifer Brown,32.0,39.0,73.0,75.44,2024_T1,48.0,0,Medium,Male
4954-837,Patricia Johnson,28.0,12.0,11.0,68.27,2023_T2,17.0,51,Low,Female
8800-761,William Jones,1.0,34.0,86.0,64.03,2023_T2,40.333333333333336,50,Low,Female
5820-326,James Johnson,7.0,92.0,25.0,62.85,2024_T1,41.333333333333336,50,Low,Female
7046-584,Patricia Brown,33.0,6.0,67.0,87.26,2023_T2,35.333333333333336,1,Medium,Female
6764-819,William Davis,74.0,28.0,35.0,87.72,2023_T2,45.666666666666664,0,Medium,Female
4777-223,Robert Brown,35.0,9.0,100.0,76.72,2023_T2,48.0,0,Medium,Male
4033-296,Mary Moore,63.0,98.0,48.0,90.02,2024_T1,69.66666666666667,0,High,Male
9595-711,Linda Brown,35.0,81.0,95.0,89.27,2023_T1,70.33333333333333,0,Medium,Female
4727-469,Patricia Brown,61.0,95.0,36.0,73.63,2023_T2,64.0,50,Low,Male
3073-380,James Moore,54.0,12.0,22.0,69.54,2023_T1,29.333333333333332,51,Low,Male
3068-753,William Brown,29.0,16.0,61.0,90.18,2023_T1,35.333333333333336,1,High,Female
5658-580,James Taylor,88.0,85.0,12.0,79.86,2023_T2,61.666666666666664,0,Medium,Female
1841-358,Jennifer Williams,48.0,99.0,11.0,95.82,2023_T1,52.666666666666664,0,High,Female
9056-175,Mary Miller,18.0,75.0,8.0,98.34,2023_T1,33.666666666666664,1,High,Male
5978-187,John Taylor,77.0,94.0,51.0,72.77,2023_T1,74.0,50,Low,Male
4697-894,William Miller,15.0,68.0,98.0,82.94,2023_T2,60.333333333333336,0,Medium,Female
8025-412,Linda Brown,51.0,84.0,99.0,84.1,2024_T1,78.0,0,Medium,Male
4457-370,Mary Jones,15.0,56.0,38.0,97.85,2023_T1,36.333333333333336,1,High,Male
2229-260,Patricia Williams,41.0,57.0,38.0,63.65,2023_T2,45.333333333333336,50,Low,Male
8699-398,Linda Taylor,4.0,34.0,86.0,99.84,2023_T1,41.333333333333336,0,High,Male
8438-172,Robert Brown,74.0,17.0,75.0,81.84,2023_T2,55.333333333333336,0,Medium,Male
7965-217,Elizabeth Jones,57.0,16.0,6.0,87.52,2024_T1,26.333333333333332,1,Medium,Male
3330-173,John Brown,39.0,41.0,8.0,77.04,2023_T1,29.333333333333332,1,Medium,Male
5728-549,Robert Taylor,65.0,4.0,28.0,92.87,2023_T2,32.333333333333336,1,High,Male
5460-612,Robert Miller,82.0,7.0,64.0,63.39,2023_T2,51.0,50,Low,Female
1653-542,Mary Taylor,16.0,70.0,88.0,95.21,2024_T1,58.0,0,High,Female
2496-334,Robert Smith,35.0,69.0,30.0,83.68,2024_T1,44.666666666666664,0,Medium,Male
1659-881,Robert Taylor,53.0,38.0,90.0,79.27,2023_T2,60.333333333333336,0,Medium,Male
5557-285,William Wilson,18.0,38.0,66.0,69.95,2024_T1,40.666666666666664,50,Low,Female
8700-456,Linda Johnson,91.0,57.0,19.0,70.15,2023_T2,55.666666666666664,50,Low,Female
3634-437,Jennifer Johnson,60.0,38.0,0.0,64.75,2024_T1,32.666666666666664,51,Low,Female
7561-933,Linda Brown,91.0,61.0,62.0,87.24,2023_T2,71.33333333333333,0,Medium,Male
5135-431,Mary Davis,24.0,55.0,32.0,79.11,2023_T2,37.0,1,Medium,Male
9889-573,William Smith,5.0,57.0,43.0,68.94,2023_T1,35.0,51,Low,Female
6927-737,Patricia Moore,44.0,60.0,46.0,99.12,2024_T1,50.0,0,High,Female
4335-373,Linda Smith,84.0,74.0,100.0,95.65,2023_T2,86.0,0,High,Male
2989-129,Linda Wilson,18.0,19.0,56.0,70.12,2024_T1,31.0,51,Low,Male
1224-665,John Brown,48.0,13.0,14.0,80.92,2023_T1,25.0,1,Medium,Female
8560-220,Patricia Johnson,53.0,2.0,15.0,78.18,2023_T2,23.333333333333332,1,Medium,Male
5479-525,Robert Moore,74.0,11.0,73.0,89.48,2023_T2,52.666666666666664,0,Medium,Female
3369-492,Patricia Wilson,71.0,75.0,23.0,98.02,2024_T1,56.333333333333336,0,High,Male
2143-382,William Williams,7.0,91.0,35.0,84.81,2023_T2,44.333333333333336,0,Medium,Female
1042-389,William Brown,57.0,59.0,49.0,78.55,2024_T1,55.0,0,Medium,Female
3434-557,Elizabeth Wilson,100.0,40.0,99.0,70.64,2023_T2,79.66666666666667,50,Low,Female
9903-486,Jennifer Moore,62.0,16.0,72.0,99.45,2023_T2,50.0,0,High,Female
7274-339,Patricia Jones,83.0,76.0,91.0,72.38,2023_T1,83.33333333333333,50,Low,Female
7246-495,Jennifer Wilson,12.0,45.0,34.0,70.84,2023_T2,30.333333333333332,51,Low,Male
9229-704,James Williams,81.0,68.0,46.0,92.9,2023_T1,65.0,0,High,Female
9617-567,Linda Johnson,9.0,55.0,29.0,96.77,2024_T1,31.0,1,High,Male
3529-176,John Miller,4.0,32.0,64.0,94.64,2023_T2,33.333333333333336,1,High,Female
7512-765,Jennifer Taylor,48.0,10.0,84.0,79.21,2023_T2,47.333333333333336,0,Medium,Male
6188-741,William Miller,88.0,85.0,58.0,89.98,2024_T1,77.0,0,Medium,Female
2121-340,James Taylor,76.0,32.0,97.0,93.68,2023_T1,68.33333333333333,0,High,Female
2612-878,Mary Miller,0.0,20.0,54.0,61.47,2023_T2,24.666666666666668,51,Low,Male
1474-147,John Brown,80.0,68.0,94.0,94.59,2023_T1,80.66666666666667,0,High,Female
7141-541,Robert Davis,2.0,52.0,22.0,90.0,2023_T1,25.333333333333332,1,High,Male
3950-274,William Miller,36.0,73.0,73.0,90.76,2023_T1,60.666666666666664,0,High,Male
4945-609,Elizabeth Miller,84.0,77.0,72.0,75.11,2023_T1,77.66666666666667,0,Medium,Male
8529-361,Linda Brown,50.0,44.0,76.0,65.17,2023_T2,56.666666666666664,50,Low,Male
3588-175,Robert Moore,64.0,31.0,33.0,68.29,2023_T2,42.666666666666664,50,Low,Female
7951-806,Elizabeth Brown,71.0,38.0,25.0,74.33,2023_T2,44.666666666666664,50,Low,Female
7302-973,Robert Jones,53.0,2.0,49.0,79.93,2023_T1,34.666666666666664,1,Medium,Female
6881-688,Patricia Miller,53.0,4.0,93.0,94.09,2024_T1,50.0,0,High,Female
7484-381,Robert Smith,56.0,16.0,46.0,95.07,2024_T1,39.333333333333336,1,High,Male
9138-952,James Taylor,100.0,84.0,13.0,76.82,2023_T1,65.66666666666667,0,Medium,Female
4588-751,Elizabeth Davis,50.0,37.0,63.0,88.16,2024_T1,50.0,0,Medium,Male
2591-742,Robert Williams,37.0,49.0,97.0,60.58,2023_T2,61.0,50,Low,Male
6977-849,Linda Smith,78.0,90.0,50.0,85.47,2023_T1,72.66666666666667,0,Medium,Male
7807-279,Robert Davis,51.0,37.0,96.0,96.17,2023_T1,61.333333333333336,0,High,Male
9697-613,William Davis,29.0,50.0,80.0,91.35,2023_T1,53.0,0,High,Female
5835-864,Robert Wilson,3.0,9.0,55.0,97.98,2023_T1,22.333333333333332,1,High,Female
3306-872,Linda Johnson,16.0,83.0,87.0,93.68,2024_T1,62.0,0,High,Male
6992-192,Michael Moore,5.0,52.0,65.0,61.83,2023_T1,40.666666666666664,50,Low,Female
3024-565,Robert Moore,42.0,74.0,22.0,73.15,2024_T1,46.0,50,Low,Female
7242-942,Robert Taylor,94.0,74.0,15.0,65.12,2023_T1,61.0,50,Low,Female
1410-734,Patricia Wilson,3.0,55.0,24.0,85.63,2024_T1,27.333333333333332,1,Medium,Female
8606-817,Patricia Johnson,66.0,26.0,92.0,95.87,2024_T1,61.333333333333336,0,High,Female
3290-146,Michael Johnson,81.0,,41.0,92.87,2023_T2,61.0,0,High,Male
2592-340,Linda Johnson,89.0,45.0,33.0,78.43,2023_T2,55.666666666666664,0,Medium,Male
9850-529,Linda Davis,46.0,85.0,,63.69,2023_T2,65.5,50,Low,Male
7686-386,Mary Wilson,0.0,7.0,98.0,71.08,2024_T1,35.0,51,Low,Male
8264-555,Jennifer Jones,89.0,27.0,,79.38,2023_T2,58.0,0,Medium,Male
9920-760,Mary Davis,6.0,2.0,22.0,65.91,2023_T1,10.0,51,Low,Female
4109-225,Michael Brown,98.0,14.0,,77.9,2023_T1,56.0,0,Medium,Female
1349-151,Patricia Taylor,85.0,89.0,43.0,72.88,2023_T1,72.33333333333333,50,Low,Female
4362-170,John Taylor,17.0,99.0,85.0,74.2,2024_T1,67.0,50,Low,Male
6383-892,Patricia Jones,40.0,100.0,5.0,65.1,2024_T1,48.333333333333336,50,Low,Male
3370-233,James Brown,,100.0,32.0,79.93,2023_T1,66.0,0,Medium,Female
3159-115,Mary Smith,93.0,74.0,61.0,79.51,2023_T1,76.0,0,Medium,Female
1258-278,Elizabeth Davis,30.0,39.0,100.0,63.21,2023_T1,56.333333333333336,50,Low,Female
9619-216,John Miller,3.0,78.0,5.0,98.78,2023_T2,28.666666666666668,1,High,Male
9408-707,Linda Davis,65.0,78.0,74.0,92.83,2023_T2,72.33333333333333,0,High,Male
1710-844,William Jones,67.0,18.0,83.0,67.48,2023_T2,56.0,50,Low,Female
8847-967,James Smith,63.0,37.0,36.0,84.42,2023_T2,45.333333333333336,0,Medium,Female
8267-175,Mary Wilson,5.0,49.0,9.0,83.76,2023_T2,21.0,1,Medium,Male
2076-229,Elizabeth Williams,83.0,64.0,62.0,87.38,2024_T1,69.66666666666667,0,Medium,Female
6327-490,Elizabeth Moore,34.0,93.0,94.0,78.86,2023_T2,73.66666666666667,0,Medium,Female
8048-201,William Taylor,74.0,,33.0,64.97,2024_T1,53.5,50,Low,Male
8046-562,William Jones,63.0,92.0,71.0,82.98,2023_T2,75.33333333333333,0,Medium,Male
7532-525,Jennifer Wilson,36.0,4.0,82.0,93.01,2023_T2,40.666666666666664,0,High,Male
5176-483,Michael Davis,88.0,17.0,39.0,95.09,2024_T1,48.0,0,High,Male
2494-951,Linda Johnson,96.0,22.0,62.0,84.96,2023_T1,60.0,0,Medium,Male
7105-931,Michael Johnson,77.0,52.0,50.0,75.36,2024_T1,59.666666666666664,0,Medium,Male
6400-786,James Taylor,41.0,63.0,14.0,89.22,2023_T2,39.333333333333336,1,Medium,Male
1842-394,Jennifer Miller,28.0,37.0,56.0,82.93,2023_T2,40.333333333333336,0,Medium,Female
9313-317,Mary Taylor,85.0,65.0,9.0,61.34,2024_T1,53.0,50,Low,Male
2773-458,Linda Jones,46.0,99.0,87.0,81.46,2023_T1,77.33333333333333,0,Medium,Female
4705-926,Robert Taylor,67.0,75.0,44.0,79.45,2024_T1,62.0,0,Medium,Female
1430-723,Elizabeth Taylor,42.0,26.0,68.0,81.71,2023_T1,45.333333333333336,0,Medium,Female
6062-447,John Brown,22.0,46.0,89.0,69.09,2023_T1,52.333333333333336,50,Low,Female
7566-171,John Williams,88.0,96.0,59.0,80.24,2024_T1,81.0,0,Medium,Male
9691-320,James Johnson,36.0,,,91.6,2023_T2,36.0,1,High,Female
3578-478,Linda Davis,40.0,85.0,10.0,64.17,2024_T1,45.0,50,Low,Female
2391-153,Jennifer Taylor,53.0,86.0,56.0,93.56,2023_T1,65.0,0,High,Male
2336-378,Elizabeth Smith,46.0,72.0,,84.32,2024_T1,59.0,0,Medium,Female
8242-524,Michael Wilson,62.0,24.0,89.0,73.34,2023_T1,58.333333333333336,50,Low,Female
6655-540,William Johnson,16.0,42.0,58.0,89.5,2023_T2,38.666666666666664,1,Medium,Male
9633-783,Elizabeth Wilson,69.0,87.0,32.0,79.93,2023_T1,62.666666666666664,0,Medium,Female
1897-107,Patricia Miller,84.0,48.0,70.0,60.52,2023_T2,67.33333333333333,50,Low,Male
5186-396,Patricia Williams,62.0,60.0,48.0,94.43,2023_T1,56.666666666666664,0,High,Female
8055-279,James Wilson,55.0,82.0,,77.07,2023_T2,68.5,0,Medium,Male
9196-672,William Jones,39.0,18.0,17.0,78.88,2023_T1,24.666666666666668,1,Medium,Female
8147-119,Michael Smith,93.0,37.0,50.0,81.38,2023_T1,60.0,0,Medium,Female
8033-687,Jennifer Taylor,31.0,9.0,73.0,97.84,2024_T1,37.666666666666664,1,High,Female
2887-514,Michael Brown,31.0,,6.0,99.16,2023_T2,18.5,1,High,Male
8538-951,John Taylor,58.0,71.0,53.0,69.24,2023_T1,60.666666666666664,50,Low,Female
4986-546,Michael Johnson,7.0,33.0,34.0,82.27,2024_T1,24.666666666666668,1,Medium,Female
6083-863,Mary Miller,67.0,36.0,53.0,93.21,2023_T1,52.0,0,High,Female
2251-622,Jennifer Williams,6.0,32.0,22.0,60.52,2024_T1,20.0,51,Low,Male
6724-459,William Jones,81.0,1.0,0.0,85.72,2023_T1,27.333333333333332,1,Medium,Male
5193-302,Mary Williams,86.0,11.0,19.0,75.19,2024_T1,38.666666666666664,1,Medium,Male
3902-891,John Johnson,43.0,98.0,85.0,77.45,2023_T2,75.33333333333333,0,Medium,Female
8354-797,Elizabeth Taylor,86.0,95.0,80.0,99.41,2024_T1,87.0,0,High,Female
8205-169,Jennifer Williams,24.0,72.0,21.0,87.95,2023_T2,39.0,1,Medium,Female
1920-460,Robert Brown,86.0,36.0,74.0,66.87,2023_T2,65.33333333333333,50,Low,Male
1616-158,Linda Wilson,33.0,16.0,36.0,79.92,2023_T2,28.333333333333332,1,Medium,Female
9307-493,Mary Johnson,84.0,26.0,56.0,60.44,2024_T1,55.333333333333336,50,Low,Female
8368-929,William Smith,52.0,70.0,9.0,85.32,2023_T2,43.666666666666664,0,Medium,Male
9214-254,Elizabeth Wilson,63.0,,53.0,80.76,2023_T2,58.0,0,Medium,Male
2381-616,Mary Davis,20.0,10.0,39.0,69.81,2023_T1,23.0,51,Low,Male
8199-636,Patricia Wilson,53.0,97.0,54.0,84.42,2023_T2,68.0,0,Medium,Male
7347-518,Jennifer Brown,35.0,,82.0,68.6,2024_T1,58.5,50,Low,Female
6482-167,Elizabeth Smith,97.0,72.0,25.0,83.87,2023_T1,64.66666666666667,0,Medium,Female
5655-358,William Miller,60.0,,,76.51,2023_T2,60.0,0,Medium,Male
3317-458,Mary Taylor,50.0,93.0,97.0,60.09,2024_T1,80.0,50,Low,Female
2388-417,Michael Williams,16.0,73.0,56.0,98.48,2024_T1,48.333333333333336,0,High,Female
9624-195,Jennifer Williams,7.0,94.0,20.0,94.92,2024_T1,40.333333333333336,0,High,Female
6940-416,Jennifer Smith,81.0,88.0,11.0,99.22,2023_T1,60.0,0,High,Male
4145-331,Jennifer Wilson,9.0,15.0,70.0,61.58,2023_T1,31.333333333333332,51,Low,Male
2657-619,Mary Brown,78.0,6.0,8.0,72.51,2024_T1,30.666666666666668,51,Low,Male
3147-711,Jennifer Taylor,94.0,93.0,38.0,91.81,2023_T1,75.0,0,High,Female
3712-838,John Williams,23.0,98.0,59.0,86.01,2023_T1,60.0,0,Medium,Female
4891-554,Michael Davis,86.0,38.0,14.0,77.64,2024_T1,46.0,0,Medium,Female
9749-344,Linda Jones,32.0,15.0,41.0,89.51,2023_T2,29.333333333333332,1,Medium,Female
8218-572,Patricia Davis,12.0,12.0,17.0,99.61,2023_T2,13.666666666666666,1,High,Female
7859-265,William Moore,61.0,92.0,61.0,74.03,2024_T1,71.33333333333333,50,Low,Male
1854-756,John Brown,9.0,29.0,24.0,99.36,2023_T2,20.666666666666668,1,High,Female
9452-971,William Johnson,44.0,13.0,29.0,60.13,2023_T2,28.666666666666668,51,Low,Male
5469-560,Mary Williams,52.0,78.0,72.0,71.09,2023_T2,67.33333333333333,50,Low,Male
8391-457,Mary Jones,,60.0,100.0,98.26,2023_T2,80.0,0,High,Male
9224-482,James Miller,10.0,61.0,,97.79,2023_T2,35.5,1,High,Male
4678-128,Mary Davis,92.0,62.0,53.0,76.06,2023_T1,69.0,0,Medium,Female
3254-139,Jennifer Williams,89.0,40.0,2.0,67.06,2023_T2,43.666666666666664,50,Low,Female
8349-730,John Wilson,8.0,98.0,19.0,68.65,2023_T1,41.666666666666664,50,Low,Male
4533-955,James Brown,61.0,16.0,87.0,90.33,2024_T1,54.666666666666664,0,High,Male
7934-213,Elizabeth Moore,88.0,,67.0,89.91,2023_T1,77.5,0,Medium,Female
1782-344,Robert Johnson,,28.0,,70.62,2024_T1,28.0,51,Low,Female
2029-213,Elizabeth Wilson,,4.0,10.0,73.16,2024_T1,7.0,51,Low,Female
9443-688,William Smith,4.0,47.0,89.0,70.39,2024_T1,46.666666666666664,50,Low,Male
8032-101,John Brown,76.0,80.0,39.0,95.78,2023_T1,65.0,0,High,Female
4068-780,Elizabeth Miller,39.0,97.0,39.0,82.85,2024_T1,58.333333333333336,0,Medium,Male
9618-657,Jennifer Johnson,39.0,91.0,96.0,91.9,2023_T2,75.33333333333333,0,High,Male
7338-482,Linda Smith,52.0,41.0,99.0,69.55,2024_T1,64.0,50,Low,Female
2106-453,James Davis,,30.0,22.0,95.23,2024_T1,26.0,1,High,Male
6447-236,Mary Taylor,81.0,99.0,,96.35,2023_T2,90.0,0,High,Male
3868-950,William Davis,45.0,26.0,,71.48,2024_T1,35.5,51,Low,Female
3209-164,Linda Williams,,82.0,29.0,92.75,2023_T1,55.5,0,High,Female
1717-910,Robert Jones,78.0,93.0,36.0,75.69,2023_T1,69.0,0,Medium,Male
9444-507,Jennifer Brown,90.0,63.0,16.0,62.71,2023_T2,56.333333333333336,50,Low,Female
5687-465,James Jones,81.0,49.0,13.0,62.32,2024_T1,47.666666666666664,50,Low,Male
3039-918,Jennifer Brown,,6.0,28.0,65.2,2023_T2,17.0,51,Low,Female
7334-447,Michael Wilson,57.0,86.0,25.0,90.82,2023_T2,56.0,0,High,Male
9507-373,Linda Davis,38.0,14.0,,64.09,2024_T1,26.0,51,Low,Male
8055-716,Michael Johnson,21.0,74.0,,87.22,2024_T1,47.5,0,Medium,Male
2680-181,Robert Davis,46.0,79.0,100.0,89.25,2024_T1,75.0,0,Medium,Female
8305-717,Robert Brown,0.0,57.0,,99.36,2023_T1,28.5,1,High,Female
8325-143,Linda Davis,11.0,17.0,14.0,86.07,2024_T1,14.0,1,Medium,Female
1939-176,Michael Brown,92.0,52.0,7.0,68.15,2023_T2,50.333333333333336,50,Low,Female
1510-246,William Williams,63.0,43.0,52.0,85.05,2023_T1,52.666666666666664,0,Medium,Female
4866-897,John Johnson,93.0,77.0,70.0,78.48,2023_T2,80.0,0,Medium,Female
1530-719,Michael Taylor,59.0,62.0,85.0,68.02,2024_T1,68.66666666666667,50,Low,Male
7095-554,Linda Davis,76.0,80.0,71.0,72.41,2024_T1,75.66666666666667,50,Low,Male
7012-507,John Moore,37.0,31.0,10.0,98.99,2024_T1,26.0,1,High,Female
2858-126,Robert Jones,85.0,50.0,87.0,61.58,2023_T2,74.0,50,Low,Male
2929-368,William Miller,53.0,85.0,,60.73,2024_T1,69.0,50,Low,Female
5678-810,Linda Jones,1.0,,32.0,73.06,2023_T1,16.5,51,Low,Female
2213-562,Mary Williams,65.0,37.0,89.0,74.31,2024_T1,63.666666666666664,50,Low,Male
6236-783,Linda Johnson,48.0,,60.0,66.7,2024_T1,54.0,50,Low,Female
9882-397,Mary Moore,31.0,40.0,75.0,62.08,2023_T1,48.666666666666664,50,Low,Female
9335-329,John Davis,6.0,74.0,83.0,73.58,2023_T1,54.333333333333336,50,Low,Male
9094-126,John Jones,,,13.0,79.24,2024_T1,13.0,1,Medium,Female
8657-922,Elizabeth Davis,44.0,18.0,54.0,66.38,2024_T1,38.666666666666664,51,Low,Male
6067-507,Mary Johnson,31.0,50.0,43.0,77.35,2024_T1,41.333333333333336,0,Medium,Female
2208-228,Michael Miller,58.0,2.0,,99.85,2024_T1,30.0,1,High,Female
8632-796,Mary Wilson,96.0,6.0,75.0,61.23,2023_T1,59.0,50,Low,Female
3981-886,William Taylor,36.0,3.0,,93.85,2023_T2,19.5,1,High,Male
3034-630,William Smith,95.0,35.0,97.0,94.68,2023_T2,75.66666666666667,0,High,Male
6286-826,John Williams,41.0,57.0,11.0,76.87,2023_T2,36.333333333333336,1,Medium,Male
2292-356,William Brown,25.0,7.0,99.0,69.43,2024_T1,43.666666666666664,50,Low,Male
3050-740,William Brown,36.0,68.0,37.0,98.86,2024_T1,47.0,0,High,Female
9234-756,William Johnson,,83.0,1.0,77.81,2024_T1,42.0,0,Medium,Male
3804-774,Elizabeth Williams,34.0,100.0,4.0,75.96,2024_T1,46.0,0,Medium,Female
2330-146,James Smith,46.0,30.0,10.0,98.79,2024_T1,28.666666666666668,1,High,Female
7825-732,Patricia Taylor,75.0,93.0,0.0,77.95,2023_T2,56.0,0,Medium,Male
5949-594,William Brown,83.0,27.0,36.0,70.1,2024_T1,48.666666666666664,50,Low,Male
8430-174,Michael Brown,55.0,27.0,,88.22,2023_T1,41.0,0,Medium,Male
8933-575,Linda Miller,,36.0,19.0,99.47,2023_T2,27.5,1,High,Male
6121-982,Elizabeth Williams,58.0,,32.0,67.2,2024_T1,45.0,50,Low,Female
3142-878,Jennifer Miller,87.0,42.0,97.0,99.47,2024_T1,75.33333333333333,0,High,Female
6228-347,William Johnson,42.0,49.0,,70.17,2023_T1,45.5,50,Low,Female
5061-244,Robert Wilson,79.0,,7.0,72.32,2023_T1,43.0,50,Low,Male
7850-354,Robert Miller,4.0,85.0,46.0,77.75,2023_T2,45.0,0,Medium,Male
4110-881,Elizabeth Davis,81.0,16.0,,87.33,2023_T2,48.5,0,Medium,Male
9171-415,William Wilson,45.0,67.0,32.0,97.24,2023_T1,48.0,0,High,Female
9281-568,Mary Miller,89.0,61.0,91.0,86.68,2023_T1,80.33333333333333,0,Medium,Male
1797-151,Elizabeth Davis,88.0,47.0,12.0,94.66,2023_T2,49.0,0,High,Female
5681-649,Elizabeth Wilson,3.0,18.0,69.0,95.14,2023_T1,30.0,1,High,Male
5333-844,Michael Williams,0.0,87.0,53.0,94.76,2023_T2,46.666666666666664,0,High,Female
7563-152,Jennifer Smith,14.0,20.0,18.0,84.39,2023_T2,17.333333333333332,1,Medium,Male
2204-495,William Brown,43.0,89.0,10.0,74.93,2024_T1,47.333333333333336,50,Low,Female
2946-231,Robert Taylor,2.0,84.0,25.0,78.54,2023_T2,37.0,1,Medium,Male
6990-873,Jennifer Davis,24.0,11.0,4.0,92.55,2023_T1,13.0,1,High,Male
7576-612,Elizabeth Moore,47.0,86.0,69.0,84.32,2023_T1,67.33333333333333,0,Medium,Male
6456-923,James Williams,79.0,46.0,,92.9,2024_T1,62.5,0,High,Female
9446-243,Linda Williams,85.0,18.0,33.0,97.38,2024_T1,45.333333333333336,0,High,Female
7438-731,Jennifer Williams,28.0,,34.0,86.8,2024_T1,31.0,1,Medium,Female
9351-645,Jennifer Moore,76.0,3.0,89.0,76.0,2024_T1,56.0,0,Medium,Female
8780-935,Elizabeth Brown,12.0,30.0,70.0,67.26,2023_T2,37.333333333333336,51,Low,Male
7824-697,Jennifer Johnson,83.0,67.0,6.0,96.71,2024_T1,52.0,0,High,Female
8775-371,James Taylor,12.0,21.0,20.0,64.49,2024_T1,17.666666666666668,51,Low,Male
8871-274,James Taylor,41.0,71.0,23.0,84.44,2023_T1,45.0,0,Medium,Female
2800-295,Patricia Smith,18.0,99.0,59.0,70.99,2023_T2,58.666666666666664,50,Low,Male
3481-522,Jennifer Miller,54.0,68.0,46.0,65.99,2023_T2,56.0,50,Low,Male
8726-993,William Taylor,21.0,47.0,36.0,81.41,2024_T1,34.666666666666664,1,Medium,Male
4397-674,John Moore,77.0,76.0,56.0,69.28,2024_T1,69.66666666666667,50,Low,Female
7173-421,Linda Moore,66.0,,38.0,87.81,2023_T2,52.0,0,Medium,Male
9950-462,William Davis,67.0,89.0,41.0,92.75,2024_T1,65.66666666666667,0,High,Female
5038-385,Linda Jones,35.0,2.0,72.0,85.81,2023_T1,36.333333333333336,1,Medium,Female
4396-806,Robert Brown,48.0,,1.0,62.78,2023_T2,24.5,51,Low,Female
5480-394,Linda Davis,71.0,49.0,66.0,70.85,2024_T1,62.0,50,Low,Male
7464-938,William Miller,86.0,43.0,1.0,86.78,2023_T1,43.333333333333336,0,Medium,Female
5712-831,Robert Smith,21.0,43.0,57.0,73.34,2023_T2,40.333333333333336,50,Low,Male
8849-319,Linda Brown,79.0,61.0,29.0,68.04,2024_T1,56.333333333333336,50,Low,Male
5450-240,Robert Moore,83.0,2.0,15.0,86.6,2024_T1,33.333333333333336,1,Medium,Male
4972-151,Elizabeth Jones,83.0,64.0,,60.8,2024_T1,73.5,50,Low,Male
2641-523,Patricia Smith,32.0,15.0,,90.21,2024_T1,23.5,1,High,Female
3252-105,Linda Johnson,65.0,84.0,1.0,72.13,2023_T2,50.0,50,Low,Male
4267-874,Linda Wilson,22.0,25.0,67.0,75.88,2023_T2,38.0,1,Medium,Female
2465-767,Robert Smith,59.0,100.0,11.0,82.98,2024_T1,56.666666666666664,0,Medium,Male
7846-957,James Williams,87.0,29.0,77.0,75.22,2023_T1,64.33333333333333,0,Medium,Male
4052-866,Michael Wilson,20.0,34.0,65.0,63.24,2023_T1,39.666666666666664,51,Low,Female
2758-443,James Brown,9.0,24.0,65.0,82.92,2023_T2,32.666666666666664,1,Medium,Female
9092-237,William Moore,79.0,53.0,51.0,79.48,2023_T2,61.0,0,Medium,Female
6417-266,Patricia Johnson,7.0,20.0,,74.7,2024_T1,13.5,51,Low,Female
1230-854,Robert Williams,95.0,91.0,12.0,91.07,2023_T2,66.0,0,High,Female
3875-725,Elizabeth Jones,31.0,92.0,42.0,94.06,2023_T2,55.0,0,High,Female
2421-510,William Davis,82.0,33.0,9.0,62.45,2023_T1,41.333333333333336,50,Low,Male
6301-354,John Wilson,78.0,72.0,86.0,84.78,2023_T2,78.66666666666667,0,Medium,Male
8319-871,Michael Jones,,79.0,15.0,72.13,2023_T2,47.0,50,Low,Female
1187-367,Robert Taylor,51.0,92.0,51.0,92.56,2024_T1,64.66666666666667,0,High,Female
2936-576,Patricia Smith,62.0,61.0,98.0,91.68,2023_T1,73.66666666666667,0,High,Female
6095-806,Michael Moore,85.0,4.0,,89.34,2024_T1,44.5,0,Medium,Male
4618-324,Robert Davis,9.0,86.0,57.0,70.39,2023_T2,50.666666666666664,50,Low,Male
7121-525,John Wilson,,,81.0,93.37,2024_T1,81.0,0,High,Female
2341-638,Patricia Jones,10.0,,20.0,70.63,2024_T1,15.0,51,Low,Female
2838-163,Jennifer Johnson,51.0,81.0,98.0,66.0,2024_T1,76.66666666666667,50,Low,Male
3695-435,William Williams,12.0,63.0,16.0,91.4,2023_T1,30.333333333333332,1,High,Female
9008-193,Patricia Taylor,40.0,0.0,1.0,86.35,2023_T1,13.666666666666666,1,Medium,Female
9409-525,Linda Williams,28.0,96.0,9.0,77.5,2024_T1,44.333333333333336,0,Medium,Female
8575-788,James Moore,59.0,20.0,27.0,97.21,2024_T1,35.333333333333336,1,High,Female
5169-936,James Miller,33.0,7.0,58.0,85.49,2024_T1,32.666666666666664,1,Medium,Male
2196-146,Patricia Taylor,48.0,78.0,16.0,78.0,2023_T2,47.333333333333336,0,Medium,Female
1987-170,Mary Moore,87.0,44.0,82.0,62.67,2023_T1,71.0,50,Low,Female
3948-887,Robert Miller,43.0,64.0,86.0,64.23,2024_T1,64.33333333333333,50,Low,Male
7266-559,Michael Davis,76.0,71.0,86.0,87.21,2023_T2,77.66666666666667,0,Medium,Female
3178-769,Mary Moore,50.0,23.0,98.0,88.65,2023_T1,57.0,0,Medium,Female
7439-641,John Moore,4.0,19.0,20.0,60.48,2024_T1,14.333333333333334,51,Low,Male
1372-405,Patricia Smith,30.0,99.0,10.0,75.5,2024_T1,46.333333333333336,0,Medium,Female
9715-488,William Miller,82.0,6.0,27.0,98.83,2023_T1,38.333333333333336,1,High,Male
3541-382,Linda Davis,57.0,4.0,4.0,74.19,2024_T1,21.666666666666668,51,Low,Male
7868-729,Mary Smith,95.0,7.0,63.0,86.41,2023_T1,55.0,0,Medium,Male
2653-708,Patricia Johnson,95.0,91.0,80.0,76.97,2023_T2,88.66666666666667,0,Medium,Male
5009-858,Elizabeth Smith,24.0,72.0,65.0,71.82,2023_T2,53.666666666666664,50,Low,Male
9843-322,Linda Jones,66.0,48.0,35.0,86.69,2023_T1,49.666666666666664,0,Medium,Male
4836-935,William Brown,77.0,40.0,88.0,84.6,2024_T1,68.33333333333333,0,Medium,Female
4881-409,Elizabeth Davis,61.0,9.0,20.0,81.21,2024_T1,30.0,1,Medium,Male
7775-407,William Jones,90.0,1.0,12.0,65.01,2023_T1,34.333333333333336,51,Low,Female
3869-741,William Taylor,94.0,15.0,31.0,83.3,2024_T1,46.666666666666664,0,Medium,Female
6642-758,Linda Smith,97.0,10.0,9.0,84.66,2024_T1,38.666666666666664,1,Medium,Female
7688-252,Jennifer Miller,39.0,17.0,54.0,73.53,2023_T2,36.666666666666664,51,Low,Female
8758-346,John Moore,58.0,77.0,88.0,63.8,2023_T2,74.33333333333333,50,Low,Male
1944-675,John Wilson,29.0,83.0,84.0,66.55,2023_T2,65.33333333333333,50,Low,Female
3196-497,William Moore,50.0,45.0,20.0,87.04,2023_T2,38.333333333333336,1,Medium,Male
2295-560,Patricia Davis,31.0,93.0,38.0,71.44,2023_T1,54.0,50,Low,Female
1844-374,William Jones,46.0,17.0,20.0,93.86,2024_T1,27.666666666666668,1,High,Female
1647-994,Elizabeth Taylor,20.0,7.0,45.0,90.2,2023_T1,24.0,1,High,Male
4555-590,Elizabeth Moore,6.0,22.0,95.0,89.14,2023_T2,41.0,0,Medium,Male
4470-294,Robert Smith,85.0,21.0,88.0,67.1,2024_T1,64.66666666666667,50,Low,Male
4350-506,Linda Jones,28.0,12.0,81.0,97.5,2024_T1,40.333333333333336,0,High,Male
7236-577,Jennifer Brown,84.0,78.0,51.0,64.32,2023_T2,71.0,50,Low,Female
9401-609,Robert Davis,94.0,78.0,22.0,92.71,2023_T1,64.66666666666667,0,High,Female
4328-479,Linda Davis,76.0,21.0,42.0,93.63,2023_T2,46.333333333333336,0,High,Female
4625-859,James Taylor,96.0,55.0,2.0,90.33,2023_T1,51.0,0,High,Male
7841-402,Robert Moore,18.0,22.0,28.0,71.9,2023_T1,22.666666666666668,51,Low,Male
7223-683,Jennifer Jones,24.0,100.0,7.0,63.75,2023_T2,43.666666666666664,50,Low,Male
5216-881,William Davis,15.0,71.0,0.0,78.46,2024_T1,28.666666666666668,1,Medium,Female
3756-850,Linda Wilson,2.0,64.0,3.0,89.67,2023_T1,23.0,1,Medium,Female
9000-288,John Moore,95.0,63.0,97.0,63.97,2024_T1,85.0,50,Low,Male
1794-882,James Johnson,9.0,20.0,45.0,68.16,2023_T2,24.666666666666668,51,Low,Male
2113-824,John Jones,26.0,65.0,40.0,84.64,2023_T1,43.666666666666664,0,Medium,Male
8471-482,Patricia Moore,8.0,35.0,85.0,75.01,2024_T1,42.666666666666664,0,Medium,Male
8993-116,Elizabeth Wilson,57.0,53.0,11.0,93.92,2024_T1,40.333333333333336,0,High,Male
1194-117,William Miller,13.0,33.0,52.0,89.83,2024_T1,32.666666666666664,1,Medium,Female
9228-932,Robert Smith,74.0,15.0,94.0,74.72,2023_T1,61.0,50,Low,Female
9591-252,Mary Johnson,55.0,82.0,100.0,72.22,2023_T1,79.0,50,Low,Male
5135-934,Elizabeth Moore,3.0,19.0,9.0,64.99,2023_T2,10.333333333333334,51,Low,Female
7112-515,Michael Johnson,98.0,25.0,36.0,95.45,2024_T1,53.0,0,High,Female
5914-800,Patricia Jones,53.0,20.0,73.0,86.52,2024_T1,48.666666666666664,0,Medium,Male
7640-488,James Johnson,3.0,59.0,56.0,84.78,2024_T1,39.333333333333336,1,Medium,Female
1154-819,Linda Smith,16.0,70.0,3.0,75.51,2023_T1,29.666666666666668,1,Medium,Male
6427-679,Linda Miller,2.0,87.0,100.0,80.4,2024_T1,63.0,0,Medium,Male
4463-988,James Jones,54.0,3.0,23.0,83.2,2023_T2,26.666666666666668,1,Medium,Female
5593-656,James Johnson,81.0,18.0,30.0,87.06,2023_T1,43.0,0,Medium,Male
4394-701,Jennifer Smith,18.0,48.0,62.0,60.92,2024_T1,42.666666666666664,50,Low,Male
5903-266,Michael Johnson,21.0,23.0,75.0,63.08,2024_T1,39.666666666666664,51,Low,Male
6435-493,Michael Moore,30.0,99.0,63.0,91.4,2024_T1,64.0,0,High,Male
6666-154,Mary Moore,44.0,99.0,93.0,80.81,2023_T2,78.66666666666667,0,Medium,Male
6580-719,Patricia Johnson,54.0,96.0,17.0,73.13,2023_T2,55.666666666666664,50,Low,Female
8381-602,James Brown,91.0,46.0,74.0,74.86,2023_T2,70.33333333333333,50,Low,Male
8075-290,William Miller,44.0,32.0,16.0,89.34,2023_T1,30.666666666666668,1,Medium,Female
5037-830,Elizabeth Brown,19.0,46.0,90.0,85.5,2023_T1,51.666666666666664,0,Medium,Male
7225-828,Robert Williams,46.0,77.0,74.0,87.44,2024_T1,65.66666666666667,0,Medium,Male
6909-209,Michael Davis,89.0,15.0,68.0,89.6,2023_T1,57.333333333333336,0,Medium,Male
6896-879,Robert Wilson,60.0,9.0,49.0,67.38,2023_T1,39.333333333333336,51,Low,Female
4070-541,John Johnson,93.0,69.0,80.0,66.61,2024_T1,80.66666666666667,50,Low,Female
7685-205,William Moore,50.0,18.0,41.0,97.18,2023_T1,36.333333333333336,1,High,Male
2524-711,Jennifer Moore,25.0,68.0,92.0,94.11,2023_T2,61.666666666666664,0,High,Female
7779-497,James Brown,83.0,48.0,20.0,78.47,2024_T1,50.333333333333336,0,Medium,Male
9537-273,William Jones,4.0,99.0,69.0,78.33,2023_T1,57.333333333333336,0,Medium,Female
5933-374,John Brown,38.0,34.0,0.0,85.25,2023_T1,24.0,1,Medium,Female
8121-382,Mary Williams,99.0,69.0,40.0,91.21,2023_T2,69.33333333333333,0,High,Female
6916-357,Linda Johnson,59.0,59.0,56.0,66.36,2024_T1,58.0,50,Low,Male
4203-568,Linda Taylor,23.0,88.0,35.0,90.06,2023_T1,48.666666666666664,0,High,Male
7483-440,Robert Smith,23.0,29.0,85.0,60.54,2023_T2,45.666666666666664,50,Low,Female
8055-935,Linda Davis,34.0,54.0,91.0,70.47,2023_T2,59.666666666666664,50,Low,Male
4290-590,Jennifer Taylor,9.0,79.0,15.0,91.49,2023_T1,34.333333333333336,1,High,Female
5775-852,Michael Davis,88.0,76.0,69.0,90.38,2024_T1,77.66666666666667,0,High,Female
7161-387,Patricia Davis,44.0,99.0,55.0,62.61,2023_T2,66.0,50,Low,Female
4273-706,Mary Taylor,81.0,56.0,20.0,61.86,2024_T1,52.333333333333336,50,Low,Male
8563-825,William Smith,32.0,90.0,6.0,81.3,2023_T2,42.666666666666664,0,Medium,Male
7703-789,Robert Johnson,14.0,81.0,31.0,63.46,2023_T1,42.0,50,Low,Female
5139-774,Robert Jones,19.0,87.0,14.0,86.55,2024_T1,40.0,0,Medium,Male
2211-559,Michael Miller,20.0,41.0,25.0,95.29,2024_T1,28.666666666666668,1,High,Female
9300-990,Michael Moore,13.0,56.0,36.0,76.75,2024_T1,35.0,1,Medium,Female
9796-708,James Davis,81.0,68.0,2.0,99.25,2023_T1,50.333333333333336,0,High,Male
3725-762,Patricia Davis,36.0,87.0,48.0,89.01,2024_T1,57.0,0,Medium,Male
8052-208,Michael Davis,88.0,84.0,11.0,78.56,2023_T1,61.0,0,Medium,Male
9366-864,Robert Jones,40.0,32.0,49.0,73.98,2023_T2,40.333333333333336,50,Low,Male
8586-890,Jennifer Miller,70.0,85.0,32.0,88.8,2023_T2,62.333333333333336,0,Medium,Male
2712-402,James Wilson,60.0,60.0,97.0,80.94,2023_T1,72.33333333333333,0,Medium,Female
6707-419,Mary Williams,42.0,40.0,38.0,76.16,2023_T2,40.0,0,Medium,Female
8912-456,Patricia Moore,16.0,97.0,69.0,88.31,2023_T1,60.666666666666664,0,Medium,Female
6225-168,Linda Wilson,97.0,64.0,73.0,69.05,2023_T1,78.0,50,Low,Female
6620-763,Mary Smith,1.0,21.0,56.0,66.63,2024_T1,26.0,51,Low,Male
9454-278,John Jones,97.0,15.0,50.0,86.76,2023_T2,54.0,0,Medium,Male
8570-337,William Miller,85.0,75.0,87.0,86.04,2024_T1,82.33333333333333,0,Medium,Female
8080-505,John Williams,37.0,59.0,58.0,91.48,2024_T1,51.333333333333336,0,High,Male
8365-706,Elizabeth Jones,63.0,62.0,48.0,78.37,2023_T2,57.666666666666664,0,Medium,Female
4371-385,James Jones,6.0,20.0,19.0,68.05,2024_T1,15.0,51,Low,Male
4063-474,Mary Moore,67.0,85.0,14.0,81.79,2023_T1,55.333333333333336,0,Medium,Female
5298-786,Linda Johnson,84.0,78.0,85.0,68.2,2024_T1,82.33333333333333,50,Low,Female
7367-725,Jennifer Taylor,13.0,26.0,39.0,66.46,2024_T1,26.0,51,Low,Female
6766-965,Mary Davis,25.0,62.0,65.0,99.4,2024_T1,50.666666666666664,0,High,Female
2388-788,John Brown,2.0,71.0,43.0,62.61,2023_T2,38.666666666666664,51,Low,Male
6003-219,Mary Jones,98.0,5.0,38.0,81.55,2023_T2,47.0,0,Medium,Male
7364-528,John Moore,88.0,49.0,42.0,86.27,2024_T1,59.666666666666664,0,Medium,Male
4043-598,Michael Miller,50.0,10.0,11.0,91.02,2024_T1,23.666666666666668,1,High,Male
5732-243,John Wilson,23.0,91.0,40.0,80.93,2023_T2,51.333333333333336,0,Medium,Male
1878-986,Linda Taylor,84.0,71.0,54.0,83.1,2023_T1,69.66666666666667,0,Medium,Female
4196-934,Linda Williams,14.0,47.0,81.0,85.71,2024_T1,47.333333333333336,0,Medium,Female
7703-801,William Wilson,83.0,69.0,11.0,66.32,2023_T2,54.333333333333336,50,Low,Female
3740-184,Linda Wilson,79.0,2.0,2.0,66.64,2023_T1,27.666666666666668,51,Low,Male
5503-330,Robert Smith,39.0,32.0,91.0,95.89,2023_T1,54.0,0,High,Female
9115-662,Linda Taylor,7.0,100.0,31.0,68.08,2024_T1,46.0,50,Low,Male
9898-943,Mary Brown,100.0,3.0,93.0,86.17,2024_T1,65.33333333333333,0,Medium,Female
9951-323,James Wilson,18.0,31.0,8.0,84.61,2023_T1,19.0,1,Medium,Female
1528-560,Patricia Brown,45.0,15.0,0.0,92.14,2023_T2,20.0,1,High,Female
2923-894,Mary Wilson,20.0,29.0,12.0,76.71,2023_T1,20.333333333333332,1,Medium,Male
8015-269,Elizabeth Davis,27.0,94.0,58.0,72.92,2023_T1,59.666666666666664,50,Low,Male
6747-645,Patricia Smith,26.0,68.0,24.0,66.49,2024_T1,39.333333333333336,51,Low,Female
6302-820,William Williams,67.0,24.0,19.0,63.72,2023_T2,36.666666666666664,51,Low,Female
9428-795,Elizabeth Brown,4.0,98.0,60.0,95.61,2023_T1,54.0,0,High,Male
5543-987,Michael Smith,8.0,49.0,5.0,73.47,2024_T1,20.666666666666668,51,Low,Male
3396-828,John Jones,43.0,10.0,65.0,88.41,2023_T1,39.333333333333336,1,Medium,Female
3329-691,Michael Wilson,72.0,84.0,87.0,92.87,2024_T1,81.0,0,High,Female
8405-177,Michael Miller,2.0,75.0,91.0,79.77,2023_T2,56.0,0,Medium,Male
7046-565,William Brown,20.0,27.0,89.0,81.02,2023_T2,45.333333333333336,0,Medium,Female
2526-848,Elizabeth Smith,84.0,34.0,51.0,64.03,2024_T1,56.333333333333336,50,Low,Female
9756-507,Jennifer Johnson,50.0,46.0,81.0,96.21,2023_T2,59.0,0,High,Male
5399-430,Patricia Wilson,56.0,22.0,47.0,89.95,2023_T2,41.666666666666664,0,Medium,Female
3139-679,William Taylor,16.0,68.0,10.0,83.09,2023_T2,31.333333333333332,1,Medium,Female
2631-741,James Smith,90.0,34.0,32.0,93.75,2023_T1,52.0,0,High,Female
8230-567,Mary Williams,15.0,33.0,65.0,65.05,2023_T2,37.666666666666664,51,Low,Male
5945-262,Patricia Williams,27.0,46.0,38.0,72.6,2023_T1,37.0,51,Low,Female
2350-480,Jennifer Brown,19.0,0.0,71.0,66.69,2023_T1,30.0,51,Low,Male
4836-539,Michael Brown,62.0,66.0,3.0,62.91,2024_T1,43.666666666666664,50,Low,Male
4496-588,Mary Smith,46.0,37.0,14.0,94.66,2023_T1,32.333333333333336,1,High,Male
9510-796,Elizabeth Jones,98.0,56.0,52.0,68.51,2023_T1,68.66666666666667,50,Low,Female
2975-980,James Davis,13.0,99.0,75.0,86.13,2024_T1,62.333333333333336,0,Medium,Female
2160-334,John Wilson,8.0,98.0,76.0,69.31,2023_T1,60.666666666666664,50,Low,Female
6133-476,Mary Johnson,96.0,5.0,90.0,95.95,2023_T1,63.666666666666664,0,High,Female
3340-170,Michael Williams,90.0,97.0,45.0,82.42,2024_T1,77.33333333333333,0,Medium,Male
6753-839,John Wilson,99.0,71.0,61.0,78.41,2024_T1,77.0,0,Medium,Male
8248-980,John Miller,29.0,77.0,83.0,75.22,2023_T1,63.0,0,Medium,Male
3017-703,Mary Williams,39.0,87.0,13.0,60.72,2023_T2,46.333333333333336,50,Low,Female
3290-353,Michael Davis,86.0,21.0,47.0,96.72,2024_T1,51.333333333333336,0,High,Female
5668-897,Mary Jones,50.0,2.0,41.0,88.31,2024_T1,31.0,1,Medium,Male
9482-721,Robert Jones,27.0,83.0,44.0,87.97,2024_T1,51.333333333333336,0,Medium,Male
1894-902,Michael Brown,62.0,72.0,18.0,98.51,2023_T2,50.666666666666664,0,High,Male
4949-611,Michael Johnson,13.0,37.0,52.0,94.91,2024_T1,34.0,1,High,Male
6185-235,James Davis,39.0,80.0,29.0,81.63,2024_T1,49.333333333333336,0,Medium,Female
9951-799,Michael Davis,32.0,51.0,88.0,61.84,2023_T2,57.0,50,Low,Male
2106-114,Mary Smith,52.0,98.0,58.0,92.98,2023_T1,69.33333333333333,0,High,Female
7520-618,James Smith,40.0,67.0,67.0,89.21,2024_T1,58.0,0,Medium,Female
7939-818,William Miller,1.0,85.0,40.0,95.09,2023_T1,42.0,0,High,Female
3501-384,William Moore,54.0,15.0,92.0,99.56,2023_T2,53.666666666666664,0,High,Male
4329-927,Mary Moore,47.0,29.0,11.0,93.53,2024_T1,29.0,1,High,Male
2083-417,Jennifer Miller,63.0,49.0,84.0,83.31,2024_T1,65.33333333333333,0,Medium,Female
5005-188,Patricia Smith,68.0,47.0,19.0,80.86,2023_T1,44.666666666666664,0,Medium,Female
1901-416,Linda Taylor,43.0,32.0,72.0,68.81,2023_T1,49.0,50,Low,Male
1185-267,James Williams,67.0,34.0,80.0,96.39,2023_T2,60.333333333333336,0,High,Female
5247-270,William Moore,95.0,64.0,7.0,62.59,2023_T1,55.333333333333336,50,Low,Female
1480-443,Robert Johnson,46.0,39.0,75.0,80.7,2023_T2,53.333333333333336,0,Medium,Female
5308-829,William Johnson,45.0,46.0,14.0,96.43,2023_T2,35.0,1,High,Male
6900-156,Linda Moore,25.0,51.0,92.0,84.08,2024_T1,56.0,0,Medium,Female
3577-361,John Davis,20.0,50.0,37.0,66.82,2024_T1,35.666666666666664,51,Low,Male
9336-102,Mary Jones,28.0,50.0,3.0,83.67,2023_T1,27.0,1,Medium,Male
8729-472,Patricia Smith,91.0,27.0,3.0,87.06,2023_T1,40.333333333333336,0,Medium,Female
7870-329,John Smith,44.0,66.0,85.0,75.38,2023_T1,65.0,0,Medium,Female
5444-945,Michael Davis,87.0,33.0,90.0,70.51,2024_T1,70.0,50,Low,Male
9225-789,Jennifer Johnson,0.0,71.0,86.0,89.74,2023_T1,52.333333333333336,0,Medium,Male
1752-510,Patricia Moore,85.0,24.0,81.0,76.28,2023_T2,63.333333333333336,0,Medium,Male
6362-188,Robert Brown,11.0,5.0,89.0,74.47,2023_T1,35.0,51,Low,Female
5777-677,Jennifer Jones,82.0,64.0,56.0,96.3,2024_T1,67.33333333333333,0,High,Female
8600-477,Elizabeth Jones,98.0,39.0,13.0,73.25,2023_T1,50.0,50,Low,Female
3466-106,William Jones,83.0,55.0,48.0,84.43,2023_T1,62.0,0,Medium,Female
6675-751,Patricia Moore,48.0,45.0,61.0,80.66,2023_T2,51.333333333333336,0,Medium,Male
6038-206,James Miller,19.0,96.0,89.0,93.33,2024_T1,68.0,0,High,Male
9061-161,Patricia Miller,48.0,63.0,61.0,78.51,2024_T1,57.333333333333336,0,Medium,Male
1719-337,Robert Johnson,53.0,8.0,87.0,75.87,2024_T1,49.333333333333336,0,Medium,Female
2391-694,Jennifer Wilson,40.0,16.0,87.0,63.48,2024_T1,47.666666666666664,50,Low,Male
2226-706,John Miller,58.0,38.0,54.0,81.26,2023_T2,50.0,0,Medium,Male
5778-367,John Jones,12.0,63.0,10.0,94.97,2023_T2,28.333333333333332,1,High,Female
8417-378,Jennifer Davis,10.0,76.0,45.0,61.79,2023_T1,43.666666666666664,50,Low,Male
2785-259,Patricia Williams,39.0,18.0,75.0,66.61,2023_T1,44.0,50,Low,Male
6145-516,Linda Wilson,60.0,11.0,60.0,95.29,2024_T1,43.666666666666664,0,High,Male
8404-415,Jennifer Jones,44.0,89.0,91.0,72.37,2023_T2,74.66666666666667,50,Low,Female
3582-926,Mary Johnson,7.0,24.0,90.0,92.85,2024_T1,40.333333333333336,0,High,Female
4522-955,Elizabeth Smith,29.0,46.0,86.0,60.08,2023_T1,53.666666666666664,50,Low,Female
6828-505,Mary Jones,83.0,81.0,17.0,61.62,2024_T1,60.333333333333336,50,Low,Male
3848-131,Robert Brown,93.0,32.0,35.0,64.58,2023_T2,53.333333333333336,50,Low,Female
5093-196,William Moore,18.0,27.0,39.0,74.76,2023_T1,28.0,51,Low,Female
1195-163,John Johnson,96.0,75.0,14.0,90.05,2023_T1,61.666666666666664,0,High,Male
7098-802,Patricia Miller,1.0,62.0,28.0,89.99,2024_T1,30.333333333333332,1,Medium,Male
2228-122,Elizabeth Brown,65.0,50.0,74.0,87.15,2023_T1,63.0,0,Medium,Male
2506-967,Linda Williams,13.0,81.0,50.0,83.95,2023_T1,48.0,0,Medium,Female
